{
  "Pixel sum": 3669880.0,
  "Pixel mean": 0.511772,
  "Standard deviation": 0.253483,
  "Skewness": 2.12492,
  "Kurtosis": 4.21457,
  "Minimum pixel value": 0.318049,
  "Maximum pixel value": 1.5562,
  "Total number of pixels": 7310114,
  "Number of pixels used": 7170925,
  "No. of pixels excluded": 139189
}